Nominal CL_scaled,Nominal AK_scaled,Nominal TF_scaled,Nominal TO_scaled,Total_Mutasi_scaled,Selisih_Final_scaled,Jumlah_Titik_Mutasi,Hari,Hari_dalam_Minggu,Akhir_Pekan,Is_Outlier_Nominal,Jenis_Bayar_Encoded,Akun_Closing_Encoded
-0.26191528481009757,-0.19036402942536562,-0.17726053497137864,-0.38434151536826466,-0.23175110697300508,0.092739702955036,1,15,4,0,0,9,0
0.10969024989938679,0.15221742506072516,-0.17726053497137864,-0.38434151536826466,-0.038919268258974266,0.09265957403431307,1,20,2,0,0,9,0
0.42565733507460063,0.4432778404932437,-0.17726053497137864,-0.38434151536826466,0.12491246971095425,0.09271566427881912,1,25,0,0,0,9,0
-0.43153609713233443,-0.3462653553926687,-0.17726053497137864,-0.38434151536826466,-0.31950465857528865,0.09251971264541488,1,21,3,0,0,9,0
0.8228362547003928,-0.35964744345853156,-0.17726053497137864,-0.38434151536826466,-0.3270371522750555,0.7290121392922236,0,10,6,1,0,0,0
-0.284299620704474,-0.21043716152416,-0.17726053497137864,-0.38434151536826466,-0.24304984752265532,0.09243812683522426,1,27,2,0,0,9,0
-0.22783631696052364,-0.15891612247058776,0.014303803376178868,-0.38434151536826466,-0.1010623412820506,-0.01655104579789602,2,22,4,0,0,9,2
-0.1390497649788004,-0.35964744345853156,-0.17726053497137864,-0.38434151536826466,-0.3270371522750555,0.2465187569380695,0,22,4,0,0,9,0
-0.09336765428531393,-0.03513180786135574,-0.17726053497137864,-0.38434151536826466,-0.14437418005570987,0.09278559497326822,1,17,6,1,0,9,0
-0.22783631696052364,-0.15891612247058776,0.014303803376178868,-0.38434151536826466,-0.1010623412820506,-0.01655104579789602,2,22,4,0,0,9,2
-0.11892070828800293,-0.05855046197661585,0.11008597254995763,-0.38434151536826466,0.011925064214451823,-0.07118440083625359,2,4,0,0,0,9,0
-0.4456675343055651,-0.35964744345853156,-0.17726053497137864,-0.38434151536826466,-0.3270371522750555,0.09271566427881912,0,8,4,0,0,5,7
1.3260263667674386,-0.35964744345853156,12.299387399288902,-0.38434151536826466,7.031869476931276,-6.13515828151898,1,26,1,0,1,9,2
-0.22783631696052364,-0.35964744345853156,-0.17726053497137864,1.7817026891706205,-0.21404974677855304,0.09271566427881912,1,25,0,0,0,9,0
-0.08072182601437647,-0.023087928602079106,-0.17726053497137864,-0.38434151536826466,-0.13759493572591971,0.09257288911098555,1,30,5,1,0,9,0
-0.16118722549351913,-0.09735851736761832,-0.17726053497137864,-0.38434151536826466,-0.1794002757596256,0.09263917758176542,1,15,4,0,0,9,0
0.42565733507460063,-0.35964744345853156,-0.17726053497137864,-0.38434151536826466,-0.3270371522750555,0.5297825045856797,0,13,2,0,0,9,0
-0.22783631696052364,-0.35964744345853156,-0.17726053497137864,1.7817026891706205,-0.21404974677855304,0.09271566427881912,1,25,0,0,0,9,0
0.25578093412401226,0.28673685071639243,0.4396047306107142,-0.38434151536826466,0.4006348820946992,-0.25913916795234826,2,21,3,0,1,9,2
-0.22783631696052364,-0.15891612247058776,-0.17726053497137864,-0.38434151536826466,-0.21404974677855304,0.09271566427881912,1,4,0,0,0,9,0
0.42565733507460063,-0.35964744345853156,-0.17726053497137864,-0.38434151536826466,-0.3270371522750555,0.5297825045856797,0,13,2,0,0,9,0
-0.4456675343055651,0.4432778404932437,-0.17726053497137864,-0.38434151536826466,0.12491246971095425,-0.3443511760280415,1,16,5,1,0,8,7
-0.21115044571189348,-0.14354010328291125,-0.17726053497137864,-0.38434151536826466,-0.20539491151752096,0.09271566427881912,1,20,2,0,0,9,0
0.42565733507460063,0.4432778404932437,-0.17726053497137864,-0.38434151536826466,0.12491246971095425,0.09271566427881912,1,19,1,0,0,9,0
-0.29601894019763725,-0.2218119363801435,-0.17726053497137864,-0.38434151536826466,-0.24945246716745711,0.09275135807077751,1,31,6,1,0,9,0
0.2448124062266316,0.2766708440732503,-0.17726053497137864,-0.38434151536826466,0.031132923148857235,0.09269308249206994,1,6,2,0,0,9,0
-0.0826155053971627,-0.025095241811958546,0.14201336227455053,-0.38434151536826466,0.04958753271328597,-0.08939551918237279,2,4,0,0,0,9,0
-0.22783631696052364,-0.35964744345853156,-0.17726053497137864,1.7817026891706205,-0.21404974677855304,0.09271566427881912,1,25,0,0,0,9,0
-0.23225248184016545,-0.16293074889034664,-0.17726053497137864,-0.38434151536826466,-0.21630949488848308,0.09268579804473148,1,16,5,1,0,9,0
0.23608463545167363,0.26864159123373255,-0.17726053497137864,-0.38434151536826466,0.02661342692899714,0.09268579804473148,1,26,1,0,0,9,0
0.1989371518537659,0.23435534340018518,0.3896153779711246,-0.38434151536826466,0.34166600191670454,-0.2306256557354625,2,16,5,1,1,9,2
-0.22783631696052364,-0.35964744345853156,-0.17726053497137864,1.7817026891706205,-0.21404974677855304,0.09271566427881912,1,29,4,0,0,9,0
-0.22783631696052364,-0.35964744345853156,-0.17726053497137864,3.2257321588632104,-0.13872480978088475,0.01987119089434236,1,13,2,0,0,9,0
-0.02319550592978229,0.02977131925807943,-0.17726053497137864,-0.38434151536826466,-0.10784158561184075,0.09265520336591,1,11,0,0,0,9,0
-0.11798839067776615,-0.017065988972440792,-0.17726053497137864,-0.38434151536826466,-0.13420531356102464,0.07060153904875967,1,15,4,0,0,9,0
0.42565733507460063,-0.35964744345853156,-0.17726053497137864,-0.38434151536826466,-0.3270371522750555,0.5297825045856797,0,13,2,0,0,9,0
-0.27927643283249737,-0.20642253510440112,-0.17726053497137864,-0.38434151536826466,-0.24079009941272528,0.09277248296805901,1,31,6,1,0,9,0
-0.0826155053971627,-0.35964744345853156,-0.17726053497137864,3.2257321588632104,-0.13872480978088475,0.09271566427881912,1,13,2,0,0,9,0
0.6927648781993218,0.6894172627062736,0.8238955642918044,-0.38434151536826466,0.8539554179340665,-0.47833547281357724,2,1,4,0,1,9,0
-0.22783631696052364,-0.35964744345853156,-0.17726053497137864,1.7817026891706205,-0.21404974677855304,0.09271566427881912,1,7,3,0,0,9,0
-0.22783631696052364,-0.15891612247058776,0.014303803376178868,-0.38434151536826466,-0.1010623412820506,-0.01655104579789602,2,2,5,1,0,9,0
3.7935457864462867,3.5467847942878428,3.550773053610438,-0.38434151536826466,4.070658644459812,-2.0337237805241344,2,22,4,0,1,3,2
-0.22783631696052364,-0.15891612247058776,-0.17726053497137864,-0.38434151536826466,-0.21404974677855304,0.09271566427881912,1,4,0,0,0,9,0
-0.2399883944721457,-0.04383016510416663,-0.17726053497137864,-0.38434151536826466,-0.1492703009605583,0.023973791635356092,1,19,1,0,0,9,0
-0.0826155053971627,-0.35964744345853156,-0.17726053497137864,3.2257321588632104,-0.13872480978088475,0.09271566427881912,1,13,2,0,0,9,0
0.42565733507460063,0.4432778404932437,-0.17726053497137864,-0.38434151536826466,0.12491246971095425,0.09271566427881912,1,25,0,0,0,9,0
-0.22783631696052364,-0.35964744345853156,-0.17726053497137864,1.7817026891706205,-0.21404974677855304,0.09271566427881912,1,7,3,0,0,9,0
-0.2693796345244543,-0.1970550734582971,-0.17726053497137864,-0.38434151536826466,-0.2355173538228885,0.09263772069229773,1,29,4,0,0,9,0
-0.20273635188991235,-0.13549746835532764,-0.17726053497137864,-0.38434151536826466,-0.2008678828039611,0.09255832021630865,1,6,2,0,0,9,0
-0.03910880246089538,0.015051022385630218,-0.17726053497137864,-0.38434151536826466,-0.11612732868158426,0.09268579804473148,1,15,4,0,0,9,0
0.42565733507460063,0.4432778404932437,-0.17726053497137864,-0.38434151536826466,0.12491246971095425,0.09271566427881912,1,19,1,0,0,9,0
0.42565733507460063,0.4432778404932437,-0.17726053497137864,-0.38434151536826466,0.12491246971095425,0.09271566427881912,1,19,1,0,0,9,0
0.2504397126747119,0.281814918725768,0.4349075730344321,-0.38434151536826466,0.3950939797291507,-0.25645994822126716,2,29,4,0,1,9,2
-0.39484025025838876,-0.3128101352280113,-0.17726053497137864,-0.38434151536826466,-0.3006734243258716,0.09271566427881912,1,2,5,1,0,9,0
-0.2399883944721457,-0.1696217929232781,-0.17726053497137864,-0.38434151536826466,-0.2200757417383665,0.09244759661676424,1,19,1,0,0,9,0
-0.13503440953907347,-0.07339922689449735,0.0959153198945943,-0.38434151536826466,-0.004791045804070722,-0.06310157806951205,2,12,1,0,0,9,2
-0.3059404260436461,-0.35964744345853156,-0.17726053497137864,-0.38434151536826466,-0.3270371522750555,0.16280443123516114,0,20,2,0,0,9,0
-0.4456675343055651,-0.35964744345853156,0.3317859355107639,-0.38434151536826466,-0.026794213150459604,-0.19764022129750375,1,23,5,1,0,7,7
-0.30484691333257397,-0.22984118921966123,-0.17726053497137864,-0.38434151536826466,-0.2539719633873172,0.09269381093680377,1,11,0,0,0,9,0
-0.4456675343055651,-0.35964744345853156,-0.10063479963235564,-0.38434151536826466,-0.2818421900764545,0.04900898024813306,1,7,3,0,0,7,7
0.5512108921279356,0.559032902262958,-0.17726053497137864,-0.38434151536826466,0.19006854021393732,0.09268434115526379,1,17,6,1,0,0,0
-0.22783631696052364,-0.15891612247058776,-0.17726053497137864,-0.38434151536826466,-0.21404974677855304,0.09271566427881912,1,15,4,0,0,9,0
-0.21300636768367323,-0.1448649300014317,-0.17726053497137864,-0.38434151536826466,-0.20614062839379785,0.09250587219547182,1,6,2,0,0,9,0
-0.22783631696052364,-0.15891612247058776,-0.17726053497137864,-0.38434151536826466,-0.21404974677855304,0.09271566427881912,1,1,4,0,0,9,0
0.822545813077266,-0.35964744345853156,-0.17726053497137864,-0.38434151536826466,-0.3270371522750555,0.7288664503454547,0,11,0,0,0,0,2
-0.4456675343055651,0.4432778404932437,-0.17726053497137864,-0.38434151536826466,0.12491246971095425,-0.3443511760280415,1,8,4,0,0,8,7
-0.22783631696052364,-0.15891612247058776,-0.17726053497137864,-0.38434151536826466,-0.21404974677855304,0.09271566427881912,1,16,5,1,0,9,0
-0.3204087754997037,-0.24422158105523753,-0.17726053497137864,-0.38434151536826466,-0.26206638111708663,0.09271566427881912,1,25,0,0,0,4,1
-0.16817815536217934,-0.10404956140054977,-0.17726053497137864,-0.38434151536826466,-0.18316652260950902,0.09277466830226055,1,30,5,1,0,9,0
0.02748946172206195,0.07660862748859966,-0.17726053497137864,-0.38434151536826466,-0.08147785766265685,0.09258381578199322,1,5,1,0,0,9,0
-0.4456675343055651,-0.2365322332525927,-0.17726053497137864,-0.38434151536826466,-0.2577382102372006,0.0256987487651005,1,9,5,1,0,8,7
-0.18422360283181508,-0.11876985827299899,-0.17726053497137864,-0.38434151536826466,-0.19145226567925255,0.09273897451030215,1,27,2,0,0,9,0
0.5000408869654698,0.5118222337754001,0.6544109315821863,-0.38434151536826466,0.6540264636561154,-0.3816628437403043,2,14,3,0,1,9,0
0.21443221244757651,0.24863403136646092,-0.17726053497137864,-0.38434151536826466,0.015351595598475754,0.09271566427881912,1,25,0,0,0,4,1
-0.11817572552468289,-0.0578813575733227,-0.17726053497137864,-0.38434151536826466,-0.1571794193453135,0.09272513406035911,1,17,6,1,0,9,0
0.16185356541294604,0.20018284331519762,0.23948640600814372,-0.38434151536826466,0.23388279631737102,-0.14499333504834083,2,5,1,0,1,9,0
-0.0826155053971627,-0.35964744345853156,-0.17726053497137864,-0.38434151536826466,-0.3270371522750555,0.274826847740011,0,15,4,0,0,2,2
0.40182369548082186,0.4211973951845699,-0.17726053497137864,-0.38434151536826466,0.11248385510633899,0.09277976741539747,1,1,4,0,0,9,0
-0.22862631817542833,-0.1596441080613707,-0.17726053497137864,-0.38434151536826466,-0.21445951443582034,0.09271566427881912,1,25,0,0,0,4,1
-0.0826155053971627,-0.35964744345853156,-0.17726053497137864,3.2257321588632104,-0.13872480978088475,0.09271566427881912,1,5,1,0,0,9,0
-0.22783631696052364,-0.15891612247058776,-0.17726053497137864,-0.38434151536826466,-0.21404974677855304,0.09271566427881912,1,8,4,0,0,9,0
-0.22783631696052364,-0.15891612247058776,0.014303803376178868,-0.38434151536826466,-0.1010623412820506,-0.01655104579789602,2,25,0,0,0,9,2
-0.22783631696052364,-0.35964744345853156,-0.17726053497137864,1.7817026891706205,-0.21404974677855304,0.09271566427881912,1,6,2,0,0,9,0
-0.10573465859804976,-0.04639952601281232,0.12168200049792977,-0.38434151536826466,0.025604072773228383,-0.07779867901956408,2,25,0,0,0,9,2
-0.22783631696052364,-0.15891612247058776,0.014303803376178868,-0.38434151536826466,-0.1010623412820506,-0.01655104579789602,2,2,5,1,0,9,0
0.06553876655977815,0.11140205645984325,-0.17726053497137864,-0.38434151536826466,-0.061893374043263095,0.09273023317349602,1,1,4,0,0,9,0
-0.23903284153205878,-0.16895268851998493,-0.17726053497137864,-0.38434151536826466,-0.21969911705337816,0.09256269088471172,1,22,4,0,0,9,0
-0.22783631696052364,-0.35964744345853156,-0.17726053497137864,-0.38434151536826466,-0.3270371522750555,0.20198237435553423,0,11,0,0,0,9,0
-0.4456675343055651,12.714049064717774,-0.17726053497137864,-0.38434151536826466,7.031869476931276,-7.023860856809597,1,26,1,0,1,8,7
-0.013027144704115756,0.039138780904183476,-0.17726053497137864,-0.38434151536826466,-0.10256884002200398,0.09265666025537769,1,4,0,0,0,9,0
0.3372207652487451,0.3617836005897517,0.5112242512409211,-0.38434151536826466,0.48511933143128394,-0.2999903486263628,2,21,3,0,1,9,2
-0.21245017197538554,-0.1448649300014317,-0.17726053497137864,-0.38434151536826466,-0.20614062839379785,0.09278486652853438,1,21,3,0,0,9,0
-0.0826155053971627,-0.35964744345853156,-0.17726053497137864,-0.38434151536826466,-0.3270371522750555,0.274826847740011,0,15,4,0,0,9,0
-0.0826155053971627,-0.35964744345853156,-0.17726053497137864,3.2257321588632104,-0.13872480978088475,0.09271566427881912,1,8,4,0,0,9,0
-0.0826155053971627,-0.35964744345853156,-0.17726053497137864,-0.38434151536826466,-0.3270371522750555,0.274826847740011,0,13,2,0,0,9,0
-0.07058105674290698,-0.013720466955975062,-0.17726053497137864,-0.38434151536826466,-0.13232219013608293,0.09256050555051018,1,21,3,0,0,9,0
-0.255116046412701,-0.1843420897957273,-0.17726053497137864,-0.38434151536826466,-0.22836148480811,0.09287227989659574,1,18,0,0,0,9,0
-0.14927185790474537,-0.08665284691492799,-0.17726053497137864,-0.38434151536826466,-0.17337428079981215,0.0927885087522036,1,25,0,0,0,9,0
-0.22783631696052364,-0.15891612247058776,-0.17726053497137864,-0.38434151536826466,-0.21404974677855304,0.09271566427881912,1,30,5,1,0,9,0
-0.4456675343055651,-0.35964744345853156,-0.10063479963235564,-0.38434151536826466,-0.2818421900764545,0.04900898024813306,1,5,1,0,0,7,7
0.2822096696204283,0.3110909127874563,0.46284659323462884,-0.38434151536826466,0.4280516526631105,-0.27239613366358917,2,11,0,0,1,9,2
-0.22783631696052364,-0.35964744345853156,-0.17726053497137864,1.7817026891706205,-0.21404974677855304,0.09271566427881912,1,8,4,0,0,9,0
-0.0826155053971627,-0.35964744345853156,-0.17726053497137864,3.2257321588632104,-0.13872480978088475,0.09271566427881912,1,7,3,0,0,9,0
-0.21331423580418754,-0.14553403440472484,-0.17726053497137864,-0.38434151536826466,-0.2065172530787862,0.09271566427881912,1,19,1,0,0,9,0
-0.22783631696052364,-0.35964744345853156,-0.17726053497137864,1.7817026891706205,-0.21404974677855304,0.09271566427881912,1,22,4,0,0,9,0
-0.4456675343055651,0.4432778404932437,-0.17726053497137864,-0.38434151536826466,0.12491246971095425,-0.3443511760280415,1,8,4,0,0,8,7
-0.1567144244973676,-0.09334389094785944,-0.17726053497137864,-0.38434151536826466,-0.17714052764969557,0.09269745316047301,1,12,1,0,0,9,0
-0.2773028820033513,-0.2044152218945217,-0.17726053497137864,-0.38434151536826466,-0.23966022535776024,0.0926697722605869,1,24,6,1,0,9,0
-0.08972696853942048,-0.35964744345853156,-0.17726053497137864,-0.38434151536826466,-0.3270371522750555,0.2712596538783732,0,31,6,1,0,9,0
-0.22783631696052364,-0.15891612247058776,-0.17726053497137864,-0.38434151536826466,-0.21404974677855304,0.09271566427881912,1,14,3,0,0,9,0
0.42565733507460063,-0.35964744345853156,-0.17726053497137864,-0.38434151536826466,-0.3270371522750555,0.5297825045856797,0,13,2,0,0,9,0
10.5147613984142,-0.35964744345853156,-0.17726053497137864,-0.38434151536826466,-0.3270371522750555,5.5905962027276965,0,8,4,0,0,4,5
-0.16974799233517926,-0.35964744345853156,-0.17726053497137864,2.3593144770476564,-0.18391977197948572,0.09271566427881912,1,25,0,0,0,9,0
-0.11165966770983489,-0.051859417943684386,-0.17726053497137864,-0.38434151536826466,-0.1537897971804184,0.09271566427881912,1,24,6,1,0,9,0
-0.0826155053971627,-0.35964744345853156,-0.17726053497137864,3.2257321588632104,-0.13872480978088475,0.09271566427881912,1,12,1,0,0,9,0
0.07243820731715343,0.1180931004927747,-0.17726053497137864,-0.38434151536826466,-0.05812712719337968,0.09254885043476867,1,25,0,0,0,9,0
-0.4456675343055651,0.4432778404932437,-0.17726053497137864,-0.38434151536826466,0.12491246971095425,-0.3443511760280415,1,8,4,0,0,8,7
-0.0826155053971627,-0.35964744345853156,-0.17726053497137864,-0.38434151536826466,-0.3270371522750555,0.274826847740011,0,12,1,0,0,9,0
-0.22783631696052364,-0.35964744345853156,-0.17726053497137864,-0.38434151536826466,-0.3270371522750555,0.20198237435553423,0,26,1,0,0,9,2
-0.22783631696052364,-0.15891612247058776,-0.17726053497137864,-0.38434151536826466,-0.21404974677855304,0.09271566427881912,1,23,5,1,0,9,0
-0.22783631696052364,-0.15891612247058776,-0.17726053497137864,-0.38434151536826466,-0.21404974677855304,0.09271566427881912,1,4,0,0,0,9,0
-0.22704341132938768,-0.1582470180672946,-0.17726053497137864,-0.38434151536826466,-0.21367312209356468,0.09274917273657599,1,18,0,0,0,9,0
-0.4456675343055651,-0.07728538526882393,-0.17726053497137864,-0.38434151536826466,-0.16810153520997537,-0.060986174562426845,1,21,3,0,0,8,7
-0.22783631696052364,-0.15891612247058776,-0.17726053497137864,-0.38434151536826466,-0.21404974677855304,0.09271566427881912,1,2,5,1,0,9,0
0.00417426042556435,0.05519728658321898,-0.17726053497137864,-0.38434151536826466,-0.09352984758228378,0.09254375132163176,1,20,2,0,0,9,0
-0.3730571285238846,-0.16895268851998493,-0.17726053497137864,-0.38434151536826466,-0.21969911705337816,0.025334526398178115,1,25,0,0,0,9,0
-0.1524275061400172,-0.08932926452810057,-0.17726053497137864,-0.38434151536826466,-0.17488077953976552,0.09266248781324846,1,4,0,0,0,9,0
-0.39484025025838876,-0.3128101352280113,-0.17726053497137864,-0.38434151536826466,-0.3006734243258716,0.09271566427881912,1,2,5,1,0,9,0
0.2848047655230656,0.313482291924826,0.4651287630521428,-0.38434151536826466,0.4307437659114072,-0.2736978644029698,2,15,4,0,1,9,2
-0.2781001442588341,-0.20508432629781484,-0.17726053497137864,-0.38434151536826466,-0.24003685004274858,0.0926340784686285,1,8,4,0,0,9,0
-0.0826155053971627,-0.35964744345853156,-0.17726053497137864,-0.38434151536826466,-0.3270371522750555,0.274826847740011,0,5,1,0,0,9,0
-0.4456675343055651,1.7814866470795356,-0.17726053497137864,-0.38434151536826466,0.8781618396876372,-1.072795909872809,1,9,5,1,1,8,7
-0.4456675343055651,1.2729673005767448,-0.17726053497137864,-0.38434151536826466,0.5919270790964977,-0.7959869110117973,1,26,1,0,1,8,7
-0.2969890152188805,-0.22248104078343664,-0.17726053497137864,-0.38434151536826466,-0.24982909185244548,0.0926289793554916,1,3,6,1,0,9,0
-0.19643376866806248,-0.35964744345853156,-0.17726053497137864,-0.38434151536826466,-0.3270371522750555,0.2177342632801935,0,8,4,0,0,2,0
0.10126744282871185,0.14418817222120742,-0.17726053497137864,-0.38434151536826466,-0.043438764478834366,0.09280526298108203,1,6,2,0,0,9,0
-0.040340274942952684,0.013712813579043926,-0.17726053497137864,-0.38434151536826466,-0.11688057805156095,0.09279652164427589,1,20,2,0,0,9,0
-0.008836072082397159,0.04315340732394235,-0.17726053497137864,-0.38434151536826466,-0.10030909191207392,0.0925736175557194,1,12,1,0,0,9,0
-0.2151135216594576,-0.14687224321131112,-0.17726053497137864,-0.38434151536826466,-0.20727050244876288,0.09254156598743023,1,13,2,0,0,9,0
0.24069394401069472,0.27265621765349146,-0.17726053497137864,-0.38434151536826466,0.02887317503892719,0.09281254742842047,1,15,4,0,0,9,0
-0.22783631696052364,-0.15891612247058776,0.014303803376178868,-0.38434151536826466,-0.1010623412820506,-0.01655104579789602,2,17,6,1,0,9,2
-0.4456675343055651,-0.35964744345853156,-0.17726053497137864,-0.38434151536826466,-0.3270371522750555,0.09271566427881912,0,16,5,1,0,5,7
0.041697865925421185,0.08932161115116943,-0.17726053497137864,-0.38434151536826466,-0.07432198864787837,0.09279069408640513,1,5,1,0,0,9,0
-0.2568819314813115,-0.18568163681112018,-0.011239385499084448,-0.38434151536826466,-0.13119382257985787,-0.0019814226762668247,2,6,2,0,0,9,0
-0.2534227717498722,-0.18249402343383164,-0.008197343806125235,-0.38434151536826466,-0.12760534258128894,-0.0037165780322850612,2,25,0,0,0,9,2
-0.13592896973830376,-0.07460896765565135,-0.17726053497137864,-0.38434151536826466,-0.16659503647002202,0.09292545636216641,1,11,0,0,0,9,0
-0.22783631696052364,-0.15891612247058776,0.014303803376178868,-0.38434151536826466,-0.1010623412820506,-0.01655104579789602,2,15,4,0,0,9,2
-0.17558877337625764,-0.11077004602722614,0.06025114847663503,3.2257321588632104,0.1414508128781623,-0.224870213893355,3,12,1,0,0,9,2
-0.22783631696052364,-0.35964744345853156,-0.17726053497137864,1.7817026891706205,-0.21404974677855304,0.09271566427881912,1,29,4,0,0,9,0
-0.07846219018645056,-0.02108061539219967,-0.17726053497137864,-0.38434151536826466,-0.1364650616709547,0.09261368201608085,1,12,1,0,0,9,0
-0.08380050721951972,-0.026433450618544838,-0.17726053497137864,-0.38434151536826466,-0.13947805915086142,0.09284969810984656,1,4,0,0,0,9,0
-0.4456675343055651,-0.35964744345853156,-0.17726053497137864,1.7817026891706205,-0.21404974677855304,-0.01655104579789602,1,14,3,0,0,6,7
-0.4456675343055651,-0.35964744345853156,-0.17726053497137864,-0.38434151536826466,-0.3270371522750555,0.09271566427881912,0,8,4,0,0,5,7
0.41579974638567974,0.4339103788471396,-0.17726053497137864,-0.38434151536826466,0.11963972412111747,0.09287009456239421,1,15,4,0,0,9,0
-0.0807624878416142,-0.02375703300537225,-0.17726053497137864,-0.38434151536826466,-0.13797156041090805,0.09291671502536028,1,30,5,1,0,9,0
-0.27721139289206637,-0.2044152218945217,-0.17726053497137864,-0.38434151536826466,-0.23966022535776024,0.09271566427881912,1,11,0,0,0,9,0
0.6654357736712129,0.6642335111751261,0.7998619024027198,-0.38434151536826466,0.8256046181468841,-0.4646268713673526,2,12,1,0,1,9,2
-0.24130119060867847,-0.1709600017298644,-0.17726053497137864,-0.38434151536826466,-0.22082899110834317,0.09251752731121335,1,19,1,0,0,9,0
0.3692985903149759,0.3910876970363783,-0.17726053497137864,-0.38434151536826466,0.09553574428186362,0.09285479722298347,1,1,4,0,0,9,0
0.42565733507460063,-0.35964744345853156,-0.17726053497137864,-0.38434151536826466,-0.3270371522750555,0.5297825045856797,0,13,2,0,0,9,0
-0.22783631696052364,-0.15891612247058776,-0.17726053497137864,-0.38434151536826466,-0.21404974677855304,0.09271566427881912,1,20,2,0,0,9,0
-0.22783631696052364,-0.15891612247058776,-0.17726053497137864,-0.38434151536826466,-0.21404974677855304,0.09271566427881912,1,1,4,0,0,9,0
-0.24235839811685975,-0.17229821053645067,0.0015328474863417014,-0.38434151536826466,-0.11612732868158426,-0.009266598459448345,2,11,0,0,0,9,2
-0.22783631696052364,-0.35964744345853156,-0.17726053497137864,1.7817026891706205,-0.21404974677855304,0.09271566427881912,1,9,5,1,0,9,0
-0.22783631696052364,-0.35964744345853156,-0.17726053497137864,1.7817026891706205,-0.21404974677855304,0.09271566427881912,1,22,4,0,0,9,0
-0.15522591117884316,-0.09200568214127315,-0.17726053497137864,-0.38434151536826466,-0.1763872782797189,0.09271566427881912,1,5,1,0,0,0,0
-0.10656241722396091,0.12663221088760185,0.2868117372491133,-0.38434151536826466,0.22039586634793853,-0.26659115757958024,2,6,2,0,1,9,0
0.5751519951222713,0.5810370696696564,0.7204648696356022,-0.38434151536826466,0.7319455914839833,-0.41933946226422336,2,22,4,0,1,9,2
-0.2026695503165932,-0.13549746835532764,-0.17726053497137864,-0.38434151536826466,-0.2008678828039611,0.09259182867406551,1,4,0,0,0,9,0
-0.22783631696052364,-0.35964744345853156,-0.17726053497137864,1.7817026891706205,-0.21404974677855304,0.09271566427881912,1,29,4,0,0,9,0
0.07116752521597403,0.11675489168618841,-0.17726053497137864,-0.38434151536826466,-0.05888037656335637,0.09263990602649927,1,29,4,0,0,9,0
0.06260530616619826,0.10872563884667066,-0.17726053497137864,-0.38434151536826466,-0.06339987278321646,0.09271566427881912,1,22,4,0,0,9,0
-0.10146516673808695,-0.04249195629758034,-0.17726053497137864,-0.38434151536826466,-0.14851705159058162,0.09273023317349602,1,26,1,0,0,9,0
0.42565733507460063,-0.35964744345853156,-0.17726053497137864,-0.38434151536826466,-0.3270371522750555,0.5297825045856797,0,17,6,1,0,9,0
-0.0826155053971627,-0.025095241811958546,0.14201336227455053,-0.38434151536826466,0.04958753271328597,-0.08939551918237279,2,29,4,0,0,9,2
-0.24308014555032964,-0.35964744345853156,-0.17726053497137864,-0.38434151536826466,-0.3270371522750555,0.1943358899843657,0,3,6,1,0,9,0
1.3550705290801106,16.311757868993496,12.593695354865789,-0.38434151536826466,16.589437198661287,-15.363424698439461,2,31,6,1,1,9,2
-0.07723071770439327,-0.019742406585613378,-0.17726053497137864,-0.38434151536826466,-0.135711812300978,0.09250295841653645,1,4,0,0,0,9,0
0.06988232103363828,0.11541668287960212,-0.17726053497137864,-0.38434151536826466,-0.059633625933333045,0.09272367717089142,1,28,3,0,0,9,0
-0.0826155053971627,-0.025095241811958546,0.14201336227455053,-0.38434151536826466,0.04958753271328597,-0.08939551918237279,2,12,1,0,0,9,2
-0.39484025025838876,-0.3128101352280113,-0.17726053497137864,-0.38434151536826466,-0.3006734243258716,0.09271566427881912,1,16,5,1,0,9,0
0.3666381450471351,0.38889169638477017,0.5370943765869642,-0.38434151536826466,0.5156364764065192,-0.31474645359985626,2,7,3,0,1,9,0
-0.2796322238208276,-0.20709163950769427,-0.17726053497137864,-0.38434151536826466,-0.24116672409771361,0.09295823637518943,1,26,1,0,0,9,0
0.12106249165291358,0.1629230955134155,0.14201336227455053,-0.38434151536826466,0.15541906919500992,-0.0895747165868986,2,5,1,0,0,9,0
-0.20169076204665615,-0.13482836395203449,-0.17726053497137864,-0.38434151536826466,-0.20049125811897275,0.0927185780577545,1,10,6,1,0,9,0
-0.3105482823945515,-0.2351940244460064,-0.17726053497137864,-0.38434151536826466,-0.25698496086722394,0.0927477158471083,1,22,4,0,0,9,0
-0.22783631696052364,-0.15891612247058776,-0.17726053497137864,-0.38434151536826466,-0.21404974677855304,0.09271566427881912,1,28,3,0,0,9,0
0.42565733507460063,0.4432778404932437,-0.17726053497137864,-0.38434151536826466,0.12491246971095425,0.09271566427881912,1,15,4,0,0,9,0
0.42565733507460063,0.4432778404932437,-0.17726053497137864,-0.38434151536826466,0.12491246971095425,0.09271566427881912,1,15,4,0,0,9,0
0.09935778915665365,0.14218085901132796,-0.17726053497137864,-0.38434151536826466,-0.04456863853379939,0.0929400252568433,1,8,4,0,0,9,0
-0.4456675343055651,-0.35964744345853156,-0.17726053497137864,-0.38434151536826466,-0.3270371522750555,0.09271566427881912,0,22,4,0,0,5,7
-0.3026990975295519,-0.2278338760097818,-0.17726053497137864,-0.38434151536826466,-0.2528420893323522,0.09267851359739304,1,31,6,1,0,9,0
-0.22392116388077543,-0.15530831152803112,0.01774685308407897,-0.38434151536826466,-0.09700082067913633,-0.018514932800341517,2,29,4,0,0,9,2
0.1087492190404562,0.1512472236759501,-0.17726053497137864,-0.38434151536826466,-0.03946537405220736,0.09271566427881912,1,26,1,0,0,9,2
0.012822159754162494,0.06285050274808598,0.22594280728697141,-0.38434151536826466,0.1485931234042812,-0.13726817864591706,2,20,2,0,0,9,2
-0.0826155053971627,-0.025095241811958546,0.14201336227455053,-0.38434151536826466,0.04958753271328597,-0.08939551918237279,2,14,3,0,0,9,2
-0.19679246407262396,-0.13014463312898247,-0.17726053497137864,-0.38434151536826466,-0.19785488532405435,0.09262606557655621,1,13,2,0,0,9,0
0.25852125083821287,0.2893838277358201,-0.17726053497137864,-0.38434151536826466,0.038288792163635725,0.09264937580803925,1,30,5,1,0,9,0
-0.4456675343055651,-0.35964744345853156,0.9380270428881012,-0.38434151536826466,0.3307755225255817,-0.5434351217878165,1,10,6,1,1,7,7
0.011586330647758294,0.061711687053681054,0.2248559989407463,-0.38434151536826466,0.1473110929765809,-0.13664827217741518,2,11,0,0,0,9,2
-0.4456675343055651,-0.025095241811958546,-0.17726053497137864,-0.38434151536826466,-0.13872480978088475,-0.08939551918237279,1,11,0,0,0,8,7
-0.0826155053971627,-0.35964744345853156,-0.17726053497137864,3.2257321588632104,-0.13872480978088475,0.09271566427881912,1,29,4,0,0,9,0
-0.19643376866806248,-0.12947552872568932,-0.17726053497137864,-0.38434151536826466,-0.197478260639066,0.0924417690588935,1,8,4,0,0,9,0
-0.22783631696052364,-0.35964744345853156,-0.17726053497137864,1.7817026891706205,-0.21404974677855304,0.09271566427881912,1,9,5,1,0,9,0
-0.22783631696052364,-0.15891612247058776,-0.17726053497137864,-0.38434151536826466,-0.21404974677855304,0.09271566427881912,1,19,1,0,0,9,0
-0.4456675343055651,-0.22582656279990235,-0.17726053497137864,-0.38434151536826466,-0.2517122152773872,0.01987119089434236,1,9,5,1,0,8,7
-0.040874687529505856,0.013712813579043926,-0.17726053497137864,-0.38434151536826466,-0.11688057805156095,0.09252845398222101,1,13,2,0,0,9,0
-0.22783631696052364,-0.35964744345853156,-0.17726053497137864,1.7817026891706205,-0.21404974677855304,0.09271566427881912,1,26,1,0,0,9,0
-0.22783631696052364,-0.35964744345853156,-0.17726053497137864,1.7817026891706205,-0.21404974677855304,0.09271566427881912,1,6,2,0,0,9,0
-0.18636125317802776,-0.12077717148287843,-0.17726053497137864,-0.38434151536826466,-0.19258213973421756,0.09275937096284981,1,7,3,0,0,9,0
-0.22783631696052364,-0.15891612247058776,0.014303803376178868,-0.38434151536826466,-0.1010623412820506,-0.01655104579789602,2,29,4,0,0,9,2
-0.3585350473675485,-0.279354915063354,-0.17726053497137864,-0.38434151536826466,-0.2818421900764545,0.09271566427881912,1,31,6,1,0,4,1
-0.21032994812656047,-0.14278401530719,0.029699190701377574,-0.38434151536826466,-0.08290149897191278,-0.025332447064394695,2,4,0,0,0,9,0
-0.31930945395616905,-0.24322327728552415,-0.17726053497137864,-0.38434151536826466,-0.26150445708708403,0.09272367717089142,1,14,3,0,0,9,0
-0.22783631696052364,-0.15891612247058776,0.014303803376178868,-0.38434151536826466,-0.1010623412820506,-0.01655104579789602,2,28,3,0,0,9,2
-0.17508340495201716,-0.11007150103018809,-0.17726053497137864,-0.38434151536826466,-0.1865561447744041,0.09258891489513013,1,11,0,0,0,9,0
-0.12769204530642994,-0.0665797148161336,-0.17726053497137864,-0.38434151536826466,-0.1620755402501619,0.09268652648946533,1,5,1,0,0,9,0
0.009024635531780605,0.05921191300297786,-0.17726053497137864,-0.38434151536826466,-0.09127009947235373,0.09279142253113898,1,10,6,1,0,9,0
-0.15522591117884316,-0.09200568214127315,-0.17726053497137864,-0.38434151536826466,-0.1763872782797189,0.09271566427881912,1,13,2,0,0,9,0
-0.117731349841299,-0.017065988972440792,-0.17726053497137864,-0.38434151536826466,-0.13420531356102464,0.07073047376665019,1,1,4,0,0,9,0
-0.4456675343055651,6.131575250473464,6.017521496600157,-0.38434151536826466,6.980506155641936,-6.974188938853456,2,9,5,1,1,7,7
-0.07162955100239443,-0.015058675762561355,-0.17726053497137864,-0.38434151536826466,-0.13307543950605963,0.09276301318651903,1,22,4,0,0,9,0
-0.3159490443765929,-0.2398777552690584,-0.17726053497137864,-0.38434151536826466,-0.25962133366214235,0.09258818645039629,1,18,0,0,0,9,0
-0.22783631696052364,-0.15891612247058776,-0.17726053497137864,-0.38434151536826466,-0.21404974677855304,0.09271566427881912,1,2,5,1,0,9,4
0.32561181357237,0.35094143283878954,-0.17726053497137864,-0.38434151536826466,0.07293826318256313,0.09279433631007436,1,4,0,0,0,9,0
-0.0826155053971627,-0.35964744345853156,-0.17726053497137864,3.2257321588632104,-0.13872480978088475,0.09271566427881912,1,21,3,0,0,9,0
-0.0826155053971627,-0.025095241811958546,0.14201336227455053,-0.38434151536826466,0.04958753271328597,-0.08939551918237279,2,15,4,0,0,9,2
-0.4456675343055651,0.4432778404932437,-0.17726053497137864,-0.38434151536826466,0.12491246971095425,-0.3443511760280415,1,8,4,0,0,8,7
-0.22783631696052364,-0.35964744345853156,-0.17726053497137864,1.7817026891706205,-0.21404974677855304,0.09271566427881912,1,8,4,0,0,9,0
0.5000408869654698,0.5118222337754001,0.6544109315821863,-0.38434151536826466,0.6540264636561154,-0.3816628437403043,2,11,0,0,1,9,2
-0.4456675343055651,0.4432778404932437,-0.17726053497137864,-0.38434151536826466,0.12491246971095425,-0.3443511760280415,1,8,4,0,0,8,7
0.42565733507460063,-0.35964744345853156,-0.17726053497137864,-0.38434151536826466,-0.3270371522750555,0.5297825045856797,0,13,2,0,0,9,0
-0.4456675343055651,-0.35964744345853156,1.3233267820844885,-0.38434151536826466,0.5580308574475469,-0.7632068979887828,1,12,1,0,1,7,7
-0.3174956460197427,-0.35964744345853156,-0.17726053497137864,-0.38434151536826466,-0.3270371522750555,0.1570081964879583,0,8,4,0,0,9,0
-0.0027266325399265628,0.048522301055966555,0.21226894481572275,-0.38434151536826466,0.13246304139560053,-0.12946872088064115,2,30,5,1,0,9,2
0.08203730296149159,-0.35964744345853156,-0.17726053497137864,-0.38434151536826466,-0.3270371522750555,0.3574186401080646,0,6,2,0,0,9,0
-0.3123054542144682,-0.35964744345853156,-0.17726053497137864,-0.38434151536826466,-0.3270371522750555,0.1596116579667195,0,8,4,0,0,9,0
-0.23859572688925307,-0.29273700312921697,-0.17726053497137864,-0.38434151536826466,-0.28937468377622133,0.16016309063024,1,25,0,0,0,9,0
-0.0826155053971627,-0.35964744345853156,-0.17726053497137864,3.2257321588632104,-0.13872480978088475,0.09271566427881912,1,29,4,0,0,9,0
-0.4456675343055651,-0.35964744345853156,-0.17726053497137864,-0.38434151536826466,-0.3270371522750555,0.09271566427881912,0,18,0,0,0,5,7
3.809235442927592,3.5613043598393044,-0.17726053497137864,-0.38434151536826466,1.8799835017566253,0.09268215582106226,1,25,0,0,1,9,0
-0.22783631696052364,-0.35964744345853156,-0.17726053497137864,1.7817026891706205,-0.21404974677855304,0.09271566427881912,1,5,1,0,0,9,0
-0.24364650671542676,-0.17348520174789273,0.0004000636989131448,-0.38434151536826466,-0.1174635930639229,-0.008620467980528037,2,7,3,0,0,9,0
-0.19248666700977032,-0.12679911111251674,-0.17726053497137864,-0.38434151536826466,-0.19597176189911264,0.09296479237779404,1,4,0,0,0,9,0
-0.4456675343055651,-0.15155597403436316,-0.17726053497137864,-0.38434151536826466,-0.20990687524368126,-0.020557491834042242,1,16,5,1,0,8,7
0.42565733507460063,0.4432778404932437,-0.17726053497137864,-0.38434151536826466,0.12491246971095425,0.09271566427881912,1,4,0,0,0,9,0
-0.4456675343055651,-0.2264956672031955,-0.17726053497137864,-0.38434151536826466,-0.2520888399623755,0.020235413261264743,1,16,5,1,0,8,7
-0.2895057867990205,-0.21578999675050517,-0.17726053497137864,-0.38434151536826466,-0.24606284500256206,0.09274043139976984,1,20,2,0,0,9,0
0.1723472212565145,0.20985274015159017,0.36623175773683275,-0.38434151536826466,0.31408200998815844,-0.2172878326587648,2,14,3,0,1,9,2
-0.15522591117884316,-0.35964744345853156,-0.17726053497137864,-0.38434151536826466,-0.3270371522750555,0.23840461104777264,0,16,5,1,0,9,0
0.053723601330983105,0.10069638600715292,-0.17726053497137864,-0.38434151536826466,-0.06791936900307656,0.09263116468969312,1,2,5,1,0,9,0
-0.2548793364898527,-0.18367298539243415,-0.17726053497137864,-0.38434151536826466,-0.22798486012312166,0.09262679402129007,1,26,1,0,0,9,0
-0.17308226216867403,-0.35964744345853156,-0.17726053497137864,-0.38434151536826466,-0.3270371522750555,0.22944765460041736,0,11,0,0,0,9,0
-0.12428516506715348,-0.06323419279966787,-0.17726053497137864,-0.38434151536826466,-0.1601924168252202,0.09257434600045324,1,26,1,0,0,9,0
-0.0826155053971627,-0.35964744345853156,-0.17726053497137864,3.2257321588632104,-0.13872480978088475,0.09271566427881912,1,20,2,0,0,9,0
0.026738670126279375,0.07527041868201337,-0.17726053497137864,-0.38434151536826466,-0.08223110703263353,0.09293565458844025,1,12,1,0,0,9,0
-0.0826155053971627,-0.35964744345853156,-0.17726053497137864,3.2257321588632104,-0.13872480978088475,0.09271566427881912,1,4,0,0,0,9,0
-0.4456675343055651,-0.09200568214127315,-0.17726053497137864,-0.38434151536826466,-0.1763872782797189,-0.0529732824901344,1,15,4,0,0,8,7
-0.39484025025838876,-0.3128101352280113,-0.13256218935694855,-0.38434151536826466,-0.2743096963766877,0.06722009859425225,2,2,5,1,0,9,0
-0.22783631696052364,-0.15891612247058776,-0.17726053497137864,-0.38434151536826466,-0.21404974677855304,0.09271566427881912,1,2,5,1,0,9,0
0.3534971138087666,0.3770365045672222,-0.17726053497137864,-0.38434151536826466,0.08762662589710846,0.09257725977938862,1,11,0,0,0,9,0
0.36507121249036645,0.3874477690824636,0.5357163904464508,-0.38434151536826466,0.5140109642661096,-0.3139604617320378,2,9,5,1,1,9,2
-0.19597777531975352,-0.12947552872568932,-0.17726053497137864,-0.38434151536826466,-0.197478260639066,0.09267050070532075,1,7,3,0,0,9,0
-0.4456675343055651,0.8086088446913013,-0.17726053497137864,-0.38434151536826466,0.33054954771458867,-0.5432165883676631,1,4,0,0,1,8,7
0.16164299523617917,0.19972383769453853,-0.17726053497137864,-0.38434151536826466,-0.012178915624802028,0.09285989633612038,1,7,3,0,0,9,0
-0.28592464158586806,-0.35964744345853156,-0.17726053497137864,1.2040909012935845,-0.24417972157762036,0.09271566427881912,1,8,4,0,0,9,0
-0.29725041267969454,-0.35964744345853156,-0.17726053497137864,-0.38434151536826466,-0.3270371522750555,0.1671634445224882,0,17,6,1,0,9,0
-0.008484637718413825,0.04321630313785191,0.20720526080540233,-0.38434151536826466,0.12648977389168542,-0.12658043751094664,2,8,4,0,0,9,2
1.3550705290801106,1.2997314767084704,12.593695354865789,-0.38434151536826466,8.13948576626286,-7.1917316741688575,2,31,6,1,1,9,2
-0.0826155053971627,-0.35964744345853156,-0.17726053497137864,3.2257321588632104,-0.13872480978088475,0.09271566427881912,1,21,3,0,0,9,0
-0.22783631696052364,-0.15891612247058776,0.014303803376178868,-0.38434151536826466,-0.1010623412820506,-0.01655104579789602,2,4,0,0,0,9,0
0.3570448582352595,0.38038202658368797,-0.17726053497137864,-0.38434151536826466,0.08950974932205016,0.09253573842955946,1,4,0,0,0,9,0
-0.22783631696052364,-0.15891612247058776,-0.17726053497137864,-0.38434151536826466,-0.21404974677855304,0.09271566427881912,1,6,2,0,0,9,0
0.18854079395394488,0.22514980501967807,-0.17726053497137864,-0.38434151536826466,0.0021328224047549465,0.09251169975334259,1,11,0,0,0,9,0
-0.22783631696052364,-0.15891612247058776,0.014303803376178868,-0.38434151536826466,-0.1010623412820506,-0.01655104579789602,2,11,0,0,0,9,2
-0.07255170315582178,-0.0157277801658545,-0.17726053497137864,-0.38434151536826466,-0.13345206419104796,0.09266467314744999,1,22,4,0,0,9,0
-0.4456675343055651,-0.025095241811958546,-0.17726053497137864,-0.38434151536826466,-0.13872480978088475,-0.08939551918237279,1,11,0,0,0,8,7
0.007701673938438388,0.05854280859968471,-0.17726053497137864,-0.38434151536826466,-0.09164672415734207,0.09249203174552878,1,23,5,1,0,9,0
0.42565733507460063,0.4432778404932437,-0.17726053497137864,-0.38434151536826466,0.12491246971095425,0.09271566427881912,1,19,1,0,0,9,0
-0.20305583767535174,-0.1361665727586208,-0.17726053497137864,-0.38434151536826466,-0.20124450748894943,0.09276228474178519,1,15,4,0,0,9,0
-0.22783631696052364,-0.15891612247058776,-0.17726053497137864,-0.38434151536826466,-0.21404974677855304,0.09271566427881912,1,31,6,1,0,9,0
0.42565733507460063,0.4432778404932437,-0.17726053497137864,-0.38434151536826466,0.12491246971095425,0.09271566427881912,1,19,1,0,0,9,0
-0.12781548299625878,-0.06674699091695689,0.10226376206743236,-0.38434151536826466,0.0026977594322374586,-0.06672267684145439,2,19,1,0,0,9,2
-0.15522591117884316,-0.09200568214127315,-0.17726053497137864,-0.38434151536826466,-0.1763872782797189,0.09271566427881912,1,15,4,0,0,9,0
-0.4456675343055651,0.4432778404932437,-0.17726053497137864,-0.38434151536826466,0.12491246971095425,-0.3443511760280415,1,11,0,0,0,8,7
0.31415970037248336,0.34053284474116136,0.4909439732878596,-0.38434151536826466,0.4611961314408245,-0.2884226462529079,2,29,4,0,1,9,2
0.16370658296849452,0.2024002553077111,-0.17726053497137864,-0.38434151536826466,-0.010672416884848662,0.09243812683522426,1,29,4,0,0,9,0
0.08338349988468395,0.1281296665421719,-0.17726053497137864,-0.38434151536826466,-0.05247775691855456,0.09257580288992093,1,14,3,0,0,9,0
-0.11753094512134156,-0.05721225317002956,-0.17726053497137864,-0.38434151536826466,-0.15680279466032512,0.09268434115526379,1,21,3,0,0,9,0
-0.4456675343055651,-0.19437865584512448,-0.17726053497137864,-0.38434151536826466,-0.23401085508293512,0.00275273964899032,1,2,5,1,0,8,7
-0.0826155053971627,-0.35964744345853156,-0.17726053497137864,3.2257321588632104,-0.13872480978088475,0.09271566427881912,1,8,4,0,0,9,0
-0.22783631696052364,-0.35964744345853156,-0.17726053497137864,1.7817026891706205,-0.21404974677855304,0.09271566427881912,1,11,0,0,0,9,0
-0.13439834238442594,-0.07260165444577192,-0.17726053497137864,-0.38434151536826466,-0.165465162415057,0.09260057001087164,1,5,1,0,0,9,0
-0.3026090606263826,-0.22781915571290934,-0.05145257140500372,-0.38434151536826466,-0.17863045490350946,0.02095584510303722,2,25,0,0,0,9,2
-0.3149688038985402,-0.2392086508657653,-0.17726053497137864,-0.38434151536826466,-0.259244708977154,0.09271566427881912,1,8,4,0,0,9,0
-0.16974799233517926,-0.35964744345853156,-0.17726053497137864,2.3593144770476564,-0.18391977197948572,0.09271566427881912,1,13,2,0,0,9,0
0.42565733507460063,-0.35964744345853156,-0.17726053497137864,-0.38434151536826466,-0.3270371522750555,0.5297825045856797,0,13,2,0,0,9,0
-0.0826155053971627,-0.35964744345853156,-0.17726053497137864,3.2257321588632104,-0.13872480978088475,0.09271566427881912,1,12,1,0,0,9,0
0.4185313498511865,0.43671124987932475,0.5827301103637084,-0.38434151536826466,0.5694697023800128,-0.3407766977190652,2,19,1,0,1,9,2
0.09266601415981399,0.1368280237849828,-0.17726053497137864,-0.38434151536826466,-0.04758163601370612,0.09249713085866569,1,14,3,0,0,0,0
-0.22783631696052364,-0.35964744345853156,-0.17726053497137864,1.7817026891706205,-0.21404974677855304,0.09271566427881912,1,7,3,0,0,9,0
-0.22783631696052364,-0.15891612247058776,-0.17726053497137864,-0.38434151536826466,-0.21404974677855304,0.09271566427881912,1,7,3,0,0,9,0
0.014665011852901545,0.06456474822932302,-0.17726053497137864,-0.38434151536826466,-0.08825710199244699,0.09270692294201298,1,13,2,0,0,9,0
-0.22783631696052364,-0.35964744345853156,-0.17726053497137864,-0.38434151536826466,-0.3270371522750555,0.20198237435553423,0,4,0,0,0,9,0
-0.13509540227993008,-0.0404846430877009,-0.17726053497137864,-0.38434151536826466,-0.1473871775356166,0.07476824292635173,1,19,1,0,0,1,2
-0.048648357572492563,0.006352665142819319,-0.17726053497137864,-0.38434151536826466,-0.1210234495864327,0.0926355353580962,1,11,0,0,0,9,0
-0.21749369076098107,-0.1495486608244837,-0.17726053497137864,-0.38434151536826466,-0.20877700118871625,0.09280453453634818,1,18,0,0,0,9,0
-0.0826155053971627,-0.35964744345853156,-0.17726053497137864,3.2257321588632104,-0.13872480978088475,0.09271566427881912,1,1,4,0,0,9,0
-0.0826155053971627,-0.35964744345853156,-0.17726053497137864,3.2257321588632104,-0.13872480978088475,0.09271566427881912,1,19,1,0,0,9,0
-0.22783631696052364,-0.15891612247058776,-0.17726053497137864,-0.38434151536826466,-0.21404974677855304,0.09271566427881912,1,29,4,0,0,9,0
-0.301037771445267,-0.35964744345853156,-0.17726053497137864,-0.38434151536826466,-0.3270371522750555,0.16526366065662107,0,17,6,1,0,9,0
-0.19723829196412349,-0.13081373753227563,-0.17726053497137864,-0.38434151536826466,-0.19823151000904268,0.09276665541018826,1,17,6,1,0,9,0
-0.4456675343055651,0.4432778404932437,-0.17726053497137864,-0.38434151536826466,0.12491246971095425,-0.3443511760280415,1,8,4,0,0,8,7
-0.3197189766447778,-0.24322327728552415,-0.17726053497137864,-0.38434151536826466,-0.26150445708708403,0.09251825575594719,1,17,6,1,0,9,0
-0.20755768283381593,-0.14018119917837968,-0.17726053497137864,-0.38434151536826466,-0.20350425559887947,0.09268944026840072,1,5,1,0,0,9,0
-0.23600353540284708,-0.35964744345853156,-0.17726053497137864,-0.38434151536826466,-0.3270371522750555,0.19788560117239126,0,4,0,0,0,9,0
-0.053115349736181545,0.002338038723060443,-0.17726053497137864,-0.38434151536826466,-0.12328319769636274,0.092580173558324,1,15,4,0,0,9,0
-0.24845476778628964,-0.35964744345853156,-0.17726053497137864,-0.38434151536826466,-0.3270371522750555,0.19163991602440622,0,8,4,0,0,4,3
-0.4456675343055651,-0.35964744345853156,0.6555066795975344,-0.38434151536826466,0.16414094364996992,-0.38228784932194315,1,22,4,0,0,7,7
-0.21591078391494045,-0.14821045201789743,-0.17726053497137864,-0.38434151536826466,-0.20802375181873956,0.09287009456239421,1,6,2,0,0,9,0
-0.3127164291111925,-0.23720133765588583,-0.17726053497137864,-0.38434151536826466,-0.25811483492218895,0.0927528149602452,1,3,6,1,0,9,0
-0.4456675343055651,-0.35964744345853156,-0.17726053497137864,3.2257321588632104,-0.13872480978088475,-0.08939551918237279,1,14,3,0,0,6,7
-0.3172574838887788,-0.24121596407564472,-0.17726053497137864,-0.38434151536826466,-0.260374583032119,0.09266030247904691,1,28,3,0,0,9,0
-0.03511087351855605,0.018680244669092242,0.18378971318138587,-0.38434151536826466,0.09886811949464047,-0.11322440331590282,2,4,0,0,0,9,0
-0.3643409754138517,-0.2847077502896992,-0.17726053497137864,-0.38434151536826466,-0.28485518755636124,0.09271712116828681,1,11,0,0,0,9,0
0.2850385710296826,0.3136977435426864,0.46533437544196915,-0.38434151536826466,0.43098631220853967,-0.2738151440051188,2,9,5,1,1,9,2
-0.2824582208138506,-0.2090989527175737,-0.17726053497137864,-0.38434151536826466,-0.24229659815267865,0.09263335002389467,1,14,3,0,0,9,0
0.08779966476432575,0.13214429296193078,-0.17726053497137864,-0.38434151536826466,-0.05021800880862451,0.09260566912400855,1,20,2,0,0,9,0
-0.2781161185481061,-0.20508432629781484,-0.17726053497137864,-0.38434151536826466,-0.24003685004274858,0.09262606557655621,1,19,1,0,0,9,0
-0.09417653420572186,-0.03574872212119202,0.13184640429065117,-0.38434151536826466,0.037594296244517225,-0.08359637065623458,2,1,4,0,0,9,0
-0.4456675343055651,-0.35964744345853156,0.4217764761885015,-0.38434151536826466,0.026283503704947354,-0.24897007946787528,1,29,4,0,0,7,7
0.038587236141733997,0.08659300339453999,0.24860103722672053,-0.38434151536826466,0.17532142404853382,-0.15019224511379092,2,20,2,0,0,9,2
-0.4456675343055651,0.8092779490945945,-0.17726053497137864,-0.38434151536826466,0.330926172399577,-0.5435808107345854,1,28,3,0,1,8,7
-0.13592896973830376,-0.15891612247058776,-0.17726053497137864,-0.38434151536826466,-0.21404974677855304,0.13881747459438679,1,11,0,0,0,9,0
-0.0826155053971627,-0.35964744345853156,-0.17726053497137864,3.2257321588632104,-0.13872480978088475,0.09271566427881912,1,6,2,0,0,9,0
-0.0826155053971627,-0.35964744345853156,-0.17726053497137864,3.2257321588632104,-0.13872480978088475,0.09271566427881912,1,12,1,0,0,9,0
-0.39484025025838876,-0.3128101352280113,-0.17726053497137864,-0.38434151536826466,-0.3006734243258716,0.09271566427881912,1,16,5,1,0,9,0
-0.22783631696052364,-0.35964744345853156,-0.17726053497137864,1.7817026891706205,-0.21404974677855304,0.09271566427881912,1,4,0,0,0,9,0
-0.4456675343055651,-0.35964744345853156,-0.17726053497137864,3.2257321588632104,-0.13872480978088475,-0.08939551918237279,1,14,3,0,0,6,7
0.1709676235466626,0.20909129934064258,-0.17726053497137864,-0.38434151536826466,-0.006906170034965247,0.09243812683522426,1,20,2,0,0,9,0
-0.26538025337399934,-0.19370955144183136,-0.17726053497137864,-0.38434151536826466,-0.23363423039794678,0.0928227456546943,1,21,3,0,0,9,0
-0.22783631696052364,-0.15891612247058776,-0.17726053497137864,-0.38434151536826466,-0.21404974677855304,0.09271566427881912,1,20,2,0,0,9,0
-0.27109614451713326,-0.19839328226488337,-0.17726053497137864,-0.38434151536826466,-0.23627060319286516,0.09250514375073798,1,30,5,1,0,9,0
-0.4456675343055651,-0.35964744345853156,2.313075863546869,-0.38434151536826466,1.141799119179476,-1.3277515667184776,1,16,5,1,1,7,7
-0.22783631696052364,-0.35964744345853156,-0.17726053497137864,1.7817026891706205,-0.21404974677855304,0.09271566427881912,1,9,5,1,0,9,0
0.12454779113043425,-0.35964744345853156,-0.17726053497137864,-0.38434151536826466,-0.3270371522750555,0.37874240280190247,0,18,0,0,0,9,0
-0.22783631696052364,-0.35964744345853156,-0.17726053497137864,1.7817026891706205,-0.21404974677855304,0.09271566427881912,1,8,4,0,0,9,0
-0.15580679442509662,-0.35964744345853156,-0.17726053497137864,-0.38434151536826466,-0.3270371522750555,0.23811323315423472,0,15,4,0,0,2,0
0.40182369548082186,0.4211973951845699,-0.17726053497137864,-0.38434151536826466,0.11248385510633899,0.09277976741539747,1,5,1,0,0,9,0
0.42565733507460063,-0.35964744345853156,-0.17726053497137864,-0.38434151536826466,-0.3270371522750555,0.5297825045856797,0,13,2,0,0,9,0
-0.22783631696052364,-0.35964744345853156,-0.17726053497137864,1.7817026891706205,-0.21404974677855304,0.09271566427881912,1,5,1,0,0,9,0
-0.0826155053971627,-0.35964744345853156,-0.17726053497137864,3.2257321588632104,-0.13872480978088475,0.09271566427881912,1,28,3,0,0,9,0
0.12351236674398748,0.16493040872329492,-0.17726053497137864,-0.38434151536826466,-0.03176339924419578,0.09267268603952228,1,15,4,0,0,9,0
-0.22783631696052364,-0.35964744345853156,-0.17726053497137864,1.7817026891706205,-0.21404974677855304,0.09271566427881912,1,6,2,0,0,9,0
0.07422732771561404,0.11943130929936101,-0.17726053497137864,-0.38434151536826466,-0.057373877823402995,0.09271784961302065,1,19,1,0,0,9,0
-0.23859572688925307,-0.16895268851998493,-0.17726053497137864,-0.38434151536826466,-0.21969911705337816,0.092781952749599,1,25,0,0,0,9,0
-0.22783631696052364,-0.15891612247058776,-0.17726053497137864,-0.38434151536826466,-0.21404974677855304,0.09271566427881912,1,11,0,0,0,9,0
-0.11659136647052662,-0.056403975050851436,0.11213443387468751,-0.38434151536826466,0.014341488193337023,-0.07235282618934061,2,20,2,0,0,9,2
-0.22783631696052364,-0.35964744345853156,-0.17726053497137864,1.7817026891706205,-0.21404974677855304,0.09271566427881912,1,9,5,1,0,9,0
-0.22783631696052364,-0.35964744345853156,-0.17726053497137864,1.7817026891706205,-0.21404974677855304,0.09271566427881912,1,9,5,1,0,9,0
-0.4456675343055651,-0.2392086508657653,-0.17726053497137864,-0.38434151536826466,-0.259244708977154,0.027155638232790037,1,7,3,0,0,8,7
-0.39484025025838876,-0.3128101352280113,-0.17726053497137864,-0.38434151536826466,-0.3006734243258716,0.09271566427881912,1,2,5,1,0,9,0
-0.0826155053971627,-0.35964744345853156,-0.17726053497137864,3.2257321588632104,-0.13872480978088475,0.09271566427881912,1,5,1,0,0,9,0
-0.1296046033947194,-0.06858702802601303,-0.17726053497137864,-0.38434151536826466,-0.16320541430512694,0.09281983187575893,1,30,5,1,0,9,0
-0.18136710946836376,-0.116094778868633,0.05516958512806882,-0.38434151536826466,-0.05285588810228285,-0.03986054883619474,2,12,1,0,0,9,2
-0.22023110305895044,-0.35964744345853156,-0.17726053497137864,-0.38434151536826466,-0.3270371522750555,0.2057972394266793,0,17,6,1,0,9,0
-0.28719677589516307,-0.21378268354062574,-0.17726053497137864,-0.38434151536826466,-0.24493297094759703,0.09280599142581587,1,19,1,0,0,9,0
-0.22783631696052364,-0.15891612247058776,-0.17726053497137864,-0.38434151536826466,-0.21404974677855304,0.09271566427881912,1,31,6,1,0,9,0
-0.22783631696052364,-0.15891612247058776,0.014303803376178868,-0.38434151536826466,-0.1010623412820506,-0.01655104579789602,2,20,2,0,0,9,2
0.42565733507460063,0.4432778404932437,-0.17726053497137864,-0.38434151536826466,0.12491246971095425,0.09271566427881912,1,15,4,0,0,9,0
-0.4456675343055651,-0.2392086508657653,-0.17726053497137864,-0.38434151536826466,-0.259244708977154,0.027155638232790037,1,29,4,0,0,8,7
-0.21749369076098107,-0.14887955642119055,-0.17726053497137864,-0.38434151536826466,-0.20840037650372792,0.0924403121694258,1,18,0,0,0,9,0
-0.4456675343055651,0.4432778404932437,-0.17726053497137864,-0.38434151536826466,0.12491246971095425,-0.3443511760280415,1,9,5,1,0,8,7
-0.22783631696052364,-0.35964744345853156,-0.17726053497137864,-0.38434151536826466,-0.3270371522750555,0.20198237435553423,0,15,4,0,0,9,0
-0.4456675343055651,-0.35964744345853156,0.5114400803954593,-0.38434151536826466,0.07916838872164028,-0.3001134557863826,1,26,1,0,0,7,7
0.09682078157864174,0.14017354580144853,-0.17726053497137864,-0.38434151536826466,-0.045698512588764416,0.09276009940758365,1,26,1,0,0,9,0
-0.4456675343055651,-0.22248104078343664,-0.17726053497137864,-0.38434151536826466,-0.24982909185244548,0.01805007905973044,1,16,5,1,0,8,7
-0.19030254600385738,-0.12412269349934416,-0.17726053497137864,-0.38434151536826466,-0.19446526315915927,0.09260348378980703,1,10,6,1,0,9,0
-0.22783631696052364,-0.15891612247058776,-0.17726053497137864,1.7817026891706205,-0.1010623412820506,-0.01655104579789602,2,4,0,0,0,9,0
-0.22783631696052364,-0.15891612247058776,-0.17726053497137864,-0.38434151536826466,-0.21404974677855304,0.09271566427881912,1,29,4,0,0,9,0
-0.0826155053971627,-0.35964744345853156,-0.17726053497137864,3.2257321588632104,-0.13872480978088475,0.09271566427881912,1,13,2,0,0,9,0
-0.0826155053971627,-0.025095241811958546,0.14201336227455053,-0.38434151536826466,0.04958753271328597,-0.08939551918237279,2,19,1,0,0,9,2
-0.2095922264038186,-0.1421885123882591,-0.17726053497137864,-0.38434151536826466,-0.2046341296538445,0.09276155629705134,1,11,0,0,0,9,0
-0.18596625257057542,-0.12010806707958528,-0.17726053497137864,-0.38434151536826466,-0.19220551504922923,0.0925932855635332,1,29,4,0,0,9,0
-0.0826155053971627,-0.35964744345853156,-0.17726053497137864,3.2257321588632104,-0.13872480978088475,0.09271566427881912,1,5,1,0,0,9,0
-0.26654637649085317,-0.35964744345853156,-0.17726053497137864,-0.38434151536826466,-0.3270371522750555,0.18256495153016813,0,3,6,1,0,9,0
-0.02319550592978229,-0.10806418782030866,-0.17726053497137864,-0.38434151536826466,-0.1854262707194391,0.16768501095192107,1,11,0,0,0,9,0
-0.4456675343055651,-0.35964744345853156,-0.17726053497137864,2.3593144770476564,-0.18391977197948572,-0.04568883515168673,1,14,3,0,0,6,7
-0.4456675343055651,-0.35964744345853156,0.2096994284906875,-0.38434151536826466,-0.09880259317212056,-0.12800309007614546,1,11,0,0,0,7,7
0.05797711890167395,0.10471101242691179,-0.17726053497137864,-0.38434151536826466,-0.0656596208931465,0.09257944511359015,1,26,1,0,0,9,0
0.09985734874843162,0.1428499634146211,-0.17726053497137864,-0.38434151536826466,-0.04419201384881105,0.09282638787836353,1,14,3,0,0,9,0
-0.22783631696052364,-0.15891612247058776,0.014303803376178868,-0.38434151536826466,-0.1010623412820506,-0.01655104579789602,2,11,0,0,0,9,2
-0.22783631696052364,-0.15891612247058776,-0.17726053497137864,-0.38434151536826466,-0.21404974677855304,0.09271566427881912,1,6,2,0,0,9,0
-0.2778358423817888,-0.20508432629781484,-0.17726053497137864,-0.38434151536826466,-0.24003685004274858,0.09276665541018826,1,3,6,1,0,9,0
-0.05275810653973568,0.002338038723060443,-0.17726053497137864,-0.38434151536826466,-0.12328319769636274,0.09275937096284981,1,15,4,0,0,9,0
0.015562476468363116,0.06590295703590932,-0.17726053497137864,-0.38434151536826466,-0.08750385262247032,0.09242865705368428,1,12,1,0,0,9,0
0.42565733507460063,0.4432778404932437,-0.17726053497137864,-0.38434151536826466,0.12491246971095425,0.09271566427881912,1,15,4,0,0,9,0
-0.0826155053971627,-0.35964744345853156,-0.17726053497137864,3.2257321588632104,-0.13872480978088475,0.09271566427881912,1,19,1,0,0,9,0
-0.22783631696052364,-0.35964744345853156,-0.17726053497137864,1.7817026891706205,-0.21404974677855304,0.09271566427881912,1,25,0,0,0,9,0
0.10746837148246736,-0.35964744345853156,-0.17726053497137864,-0.38434151536826466,-0.3270371522750555,0.3701751642871542,0,25,0,0,0,9,2
-0.0826155053971627,-0.35964744345853156,-0.17726053497137864,3.2257321588632104,-0.13872480978088475,0.09271566427881912,1,8,4,0,0,9,0
-0.22783631696052364,-0.15891612247058776,-0.17726053497137864,-0.38434151536826466,-0.21404974677855304,0.09271566427881912,1,7,3,0,0,9,0
-0.4456675343055651,0.8090103073332773,0.9380270428881012,-0.38434151536826466,0.9885881973262188,-1.179585907854452,2,7,3,0,1,7,7
-0.16713256551892314,-0.10271135259396348,-0.17726053497137864,-0.38434151536826466,-0.18241327323953235,0.09257070377678402,1,22,4,0,0,9,0
0.5169692769694108,0.52758499530818,-0.17726053497137864,-0.38434151536826466,0.17236718001948528,0.09262679402129007,1,26,1,0,0,9,0
-0.14250311587777711,-0.08028163478677064,0.08934721728045104,-0.38434151536826466,-0.012538968823650881,-0.05935518680334841,2,6,2,0,0,9,0
-0.3122575313466523,-0.35964744345853156,-0.17726053497137864,-0.38434151536826466,-0.3270371522750555,0.1596356966429364,0,10,6,1,0,9,0
0.42565733507460063,-0.35964744345853156,-0.17726053497137864,-0.38434151536826466,-0.3270371522750555,0.5297825045856797,0,13,2,0,0,9,0
-0.034949678417720724,0.019065648805389093,-0.17726053497137864,-0.38434151536826466,-0.1138675805716542,0.0925867295609286,1,1,4,0,0,9,0
-0.22783631696052364,-0.35964744345853156,-0.17726053497137864,-0.38434151536826466,-0.3270371522750555,0.20198237435553423,0,11,0,0,0,0,0
0.6094415331486122,0.6125612545264096,-0.17726053497137864,-0.38434151536826466,0.22019851501300464,0.09275572873918059,1,15,4,0,1,9,0
13.74175080957465,-0.35964744345853156,-0.17726053497137864,-0.38434151536826466,-0.3270371522750555,7.209292185367235,0,26,1,0,0,9,2
-0.008804123503853218,0.04315340732394235,-0.17726053497137864,-0.38434151536826466,-0.10030909191207392,0.09258964333986398,1,1,4,0,0,9,0
0.04704199179095287,0.0946744463775146,-0.17726053497137864,-0.38434151536826466,-0.07130899116797162,0.09255759177157481,1,1,4,0,0,9,0
-0.22783631696052364,-0.15891612247058776,0.014303803376178868,-0.38434151536826466,-0.1010623412820506,-0.01655104579789602,2,7,3,0,0,9,0
-0.0826155053971627,-0.35964744345853156,-0.17726053497137864,-0.38434151536826466,-0.3270371522750555,0.274826847740011,0,15,4,0,0,9,0
0.03166891667885548,0.08021777663996288,0.2425169538408021,-0.38434151536826466,0.168144464051396,-0.14672193440175446,2,13,2,0,0,9,2
-0.0826155053971627,-0.35964744345853156,-0.17726053497137864,3.2257321588632104,-0.13872480978088475,0.09271566427881912,1,25,0,0,0,9,0
-0.22783631696052364,-0.35964744345853156,-0.17726053497137864,1.7817026891706205,-0.21404974677855304,0.09271566427881912,1,12,1,0,0,9,0
-0.22783631696052364,-0.15891612247058776,0.014303803376178868,-0.38434151536826466,-0.1010623412820506,-0.01655104579789602,2,8,4,0,0,9,2
-0.4456675343055651,-0.35964744345853156,-0.17726053497137864,3.2257321588632104,-0.13872480978088475,-0.08939551918237279,1,14,3,0,0,6,7
-0.13592896973830376,-0.07460896765565135,-0.17726053497137864,-0.38434151536826466,-0.16659503647002202,0.09292545636216641,1,11,0,0,0,9,0
-0.0826155053971627,-0.35964744345853156,-0.17726053497137864,-0.38434151536826466,-0.3270371522750555,0.274826847740011,0,13,2,0,0,9,0
0.11013462558277066,0.1525238748774334,0.3115209827047703,-0.38434151536826466,0.24954360396855624,-0.18608126026085495,2,14,3,0,1,9,0
-0.4456675343055651,0.4432778404932437,-0.17726053497137864,-0.38434151536826466,0.12491246971095425,-0.3443511760280415,1,8,4,0,0,8,7
-0.22783631696052364,-0.15891612247058776,0.014303803376178868,-0.38434151536826466,-0.1010623412820506,-0.01655104579789602,2,19,1,0,0,9,2
-0.01366030744253201,0.03846967650089033,-0.17726053497137864,-0.38434151536826466,-0.10294546470699231,0.09270328071834376,1,29,4,0,0,9,0
0.13534931509451703,0.17563607917598528,-0.17726053497137864,-0.38434151536826466,-0.025737404284382318,0.09278268119433283,1,9,5,1,0,9,0
-0.4456675343055651,-0.35964744345853156,-0.062321931962844135,-0.38434151536826466,-0.259244708977154,0.027155638232790037,1,7,3,0,0,7,7
-0.0826155053971627,-0.35964744345853156,-0.17726053497137864,3.2257321588632104,-0.13872480978088475,0.09271566427881912,1,1,4,0,0,9,0
-0.22783631696052364,-0.35964744345853156,-0.17726053497137864,1.7817026891706205,-0.21404974677855304,0.09271566427881912,1,1,4,0,0,9,0
-0.4456675343055651,-0.35964744345853156,-0.17726053497137864,-0.38434151536826466,-0.3270371522750555,0.09271566427881912,0,29,4,0,0,5,7
0.42565733507460063,0.4432778404932437,-0.17726053497137864,-0.38434151536826466,0.12491246971095425,0.09271566427881912,1,19,1,0,0,9,0
-0.055437430513079686,0.0003307255131810047,-0.17726053497137864,-0.38434151536826466,-0.12441307175132778,0.09250805752967337,1,25,0,0,0,9,0
-0.001743487645642609,0.04917534695358067,-0.17726053497137864,-0.38434151536826466,-0.09691946974717885,0.09285334033351578,1,16,5,1,0,9,0
-0.0033307511160301445,0.047837138146994376,-0.17726053497137864,-0.38434151536826466,-0.09767271911715553,0.09278559497326822,1,20,2,0,0,9,0
-0.22783631696052364,-0.15891612247058776,0.014303803376178868,-0.38434151536826466,-0.1010623412820506,-0.01655104579789602,2,5,1,0,0,9,0
-0.22783631696052364,-0.35964744345853156,-0.17726053497137864,1.7817026891706205,-0.21404974677855304,0.09271566427881912,1,6,2,0,0,9,0
-0.10303936033543377,-0.04383016510416663,-0.17726053497137864,-0.38434151536826466,-0.1492703009605583,0.09266904381585306,1,6,2,0,0,9,0
-0.39484025025838876,-0.3128101352280113,-0.17726053497137864,-0.38434151536826466,-0.3006734243258716,0.09271566427881912,1,2,5,1,0,9,0
-0.22783631696052364,-0.35964744345853156,-0.17726053497137864,1.7817026891706205,-0.21404974677855304,0.09271566427881912,1,12,1,0,0,9,0
0.5000408869654698,0.5118222337754001,0.6544109315821863,-0.38434151536826466,0.6540264636561154,-0.3816628437403043,2,14,3,0,1,9,0
-0.22783631696052364,-0.35964744345853156,-0.17726053497137864,1.7817026891706205,-0.21404974677855304,0.09271566427881912,1,13,2,0,0,9,0
1.8778654507082102,-0.35964744345853156,-0.17726053497137864,-0.38434151536826466,-0.3270371522750555,1.2582272384304474,0,10,6,1,0,9,0
-0.0826155053971627,-0.35964744345853156,-0.17726053497137864,3.2257321588632104,-0.13872480978088475,0.09271566427881912,1,20,2,0,0,9,0
-0.22869747637309437,-0.1595852268738809,-0.17726053497137864,-0.38434151536826466,-0.21442637146354138,0.09264791891857156,1,20,2,0,0,9,0
-0.22783631696052364,-0.15891612247058776,-0.17726053497137864,-0.38434151536826466,-0.21404974677855304,0.09271566427881912,1,26,1,0,0,9,0
-0.27761655895632814,-0.2044152218945217,-0.17726053497137864,-0.38434151536826466,-0.23966022535776024,0.09251242819807644,1,19,1,0,0,9,0
-0.0826155053971627,-0.025095241811958546,0.14201336227455053,-0.38434151536826466,0.04958753271328597,-0.08939551918237279,2,28,3,0,0,9,2
-0.22783631696052364,-0.15891612247058776,-0.17726053497137864,-0.38434151536826466,-0.21404974677855304,0.09271566427881912,1,1,4,0,0,9,0
-0.0826155053971627,-0.025095241811958546,0.14201336227455053,-0.38434151536826466,0.04958753271328597,-0.08939551918237279,2,7,3,0,0,9,0
-0.18002962579386522,-0.11475523185324012,-0.17726053497137864,-0.38434151536826466,-0.1891925175693225,0.09265738870011155,1,1,4,0,0,9,0
-0.21447309788046318,-0.1466019250323807,0.02605563698600703,-0.38434151536826466,-0.08719953987699973,-0.023254194238735575,2,11,0,0,0,9,2
-0.07441198175194844,-0.01753570026355258,0.14922767525671957,-0.38434151536826466,0.05809774409528253,-0.09351050348386188,2,22,4,0,0,9,2
0.3051879586340989,0.33226539073407124,0.4830540767391182,-0.38434151536826466,0.4518889822253926,-0.2839223146872149,2,28,3,0,1,9,2
-0.27889159768185445,-0.20575343070110796,-0.17726053497137864,-0.38434151536826466,-0.24041347472773694,0.0926012984556055,1,28,3,0,0,9,0
-0.22783631696052364,-0.15891612247058776,0.014303803376178868,-0.38434151536826466,-0.1010623412820506,-0.01655104579789602,2,4,0,0,0,9,0
-0.0826155053971627,-0.35964744345853156,-0.17726053497137864,-0.38434151536826466,-0.3270371522750555,0.274826847740011,0,15,4,0,0,9,0
-0.22783631696052364,-0.35964744345853156,-0.17726053497137864,1.7817026891706205,-0.21404974677855304,0.09271566427881912,1,8,4,0,0,9,0
-0.0883110656266777,-0.030448077038303715,-0.17726053497137864,-0.38434151536826466,-0.14173780726079147,0.09277248296805901,1,6,2,0,0,9,0
-0.13315380002932795,-0.07193255004247877,-0.17726053497137864,-0.38434151536826466,-0.16508853773006865,0.09286062478085423,1,7,3,0,0,9,0
-0.016556010425105426,0.035778538590845295,-0.17726053497137864,-0.38434151536826466,-0.10446024919001543,0.09271566427881912,1,26,1,0,0,4,1
-0.3332608173230612,-0.2559362609480939,-0.17726053497137864,-0.38434151536826466,-0.2686603261018625,0.09264573358437002,1,25,0,0,0,9,0
-0.22783631696052364,-0.35964744345853156,-0.17726053497137864,1.7817026891706205,-0.21404974677855304,0.09271566427881912,1,7,3,0,0,9,0
10.381229409973573,-0.35964744345853156,-0.17726053497137864,-0.38434151536826466,-0.3270371522750555,5.523614981005936,0,8,4,0,0,4,5
-0.4456675343055651,-0.16627627090681235,-0.17726053497137864,-0.38434151536826466,-0.2181926183134248,-0.0125445997617498,1,3,6,1,0,8,7
-0.22783631696052364,-0.15891612247058776,-0.17726053497137864,-0.38434151536826466,-0.21404974677855304,0.09271566427881912,1,24,6,1,0,9,0
0.42565733507460063,0.4432778404932437,-0.17726053497137864,-0.38434151536826466,0.12491246971095425,0.09271566427881912,1,8,4,0,0,9,0
-0.32170414513884893,-0.2452305904954036,-0.17726053497137864,-0.38434151536826466,-0.2626343311420491,0.09261513890554854,1,7,3,0,0,9,0
-0.3730571285238846,-0.29273700312921697,-0.17726053497137864,-0.38434151536826466,-0.28937468377622133,0.09271566427881912,1,25,0,0,0,9,0
0.1865018937595953,0.2224733874065055,-0.17726053497137864,-0.38434151536826466,0.0006263236648015809,0.09294585281471407,1,5,1,0,0,9,0
-0.39484025025838876,-0.3128101352280113,-0.17726053497137864,-0.38434151536826466,-0.3006734243258716,0.09271566427881912,1,16,5,1,0,9,0
